Title,Rating,Date
"Essential Math for Data Science: Take Control of Your Data with Fundamental Linear Algebra, Probability, and Statistics",4.5,3/11/2024
"Essential Math for Data Science: Take Control of Your Data with Fundamental Linear Algebra, Probability, and Statistics",4.5,3/11/2024
"Essential Math for Data Science: Take Control of Your Data with Fundamental Linear Algebra, Probability, and Statistics",4.5,3/11/2024
"Essential Math for Data Science: Take Control of Your Data with Fundamental Linear Algebra, Probability, and Statistics",4.5,3/11/2024
"Essential Math for Data Science: Take Control of Your Data with Fundamental Linear Algebra, Probability, and Statistics",4.5,3/11/2024
"Essential Math for Data Science: Take Control of Your Data with Fundamental Linear Algebra, Probability, and Statistics",4.5,3/11/2024
"Essential Math for Data Science: Take Control of Your Data with Fundamental Linear Algebra, Probability, and Statistics",4.5,3/11/2024
"Essential Math for Data Science: Take Control of Your Data with Fundamental Linear Algebra, Probability, and Statistics",4.5,3/11/2024
"Essential Math for Data Science: Take Control of Your Data with Fundamental Linear Algebra, Probability, and Statistics",4.5,3/11/2024
"Essential Math for Data Science: Take Control of Your Data with Fundamental Linear Algebra, Probability, and Statistics",4.5,3/11/2024
"Essential Math for Data Science: Take Control of Your Data with Fundamental Linear Algebra, Probability, and Statistics",4.5,3/11/2024
